{
  "version": 1,
  "normalization": "standardize",
  "feature_cols": [
    "ret1",
    "oc_diff",
    "hl_range",
    "logv_chg",
    "dist_px_cloud_top",
    "dist_px_cloud_bot",
    "dist_tk_kj",
    "span_order",
    "tk_slope",
    "kj_slope",
    "span_a_slope",
    "span_b_slope",
    "chikou_above",
    "vol20"
  ],
  "lookback": 64,
  "horizon": 4,
  "mean": [
    0.0001023321456159465,
    0.0001023321456159465,
    0.00693504000082612,
    -1.31085398606956e-05,
    -0.0027564684860408306,
    0.006157207302749157,
    0.0006722799735143781,
    0.5333105325698853,
    0.0006140791228972375,
    0.0006133986171334982,
    0.0006137373275123537,
    0.0006124046049080789,
    0.5321798324584961,
    0.004411118570715189
  ],
  "std": [
    0.005095933098345995,
    0.005095933098345995,
    0.006195639725774527,
    0.697050154209137,
    0.01241946592926979,
    0.013804192654788494,
    0.009158187545835972,
    0.4988851845264435,
    0.011542568914592266,
    0.009304049424827099,
    0.009552695788443089,
    0.007989262230694294,
    0.49896565079689026,
    0.002551260869950056
  ]
}