{
  "kind": "standard",
  "mean": [
    0.00011317682947264984,
    0.00011317682947264984,
    0.006923008244484663,
    0.00014283515338320285,
    -0.002635342301800847,
    0.006437684874981642,
    0.0007748290663585067,
    0.5382291674613953,
    0.0006896339473314583,
    0.0006924803019501269,
    0.0006910543306730688,
    0.0006915651028975844,
    0.5346858501434326,
    0.0044785854406654835
  ],
  "std": [
    0.0051557887345552444,
    0.0051557887345552444,
    0.005910928826779127,
    0.5047045350074768,
    0.012604554183781147,
    0.014089470729231834,
    0.009293708950281143,
    0.49853256344795227,
    0.011548583395779133,
    0.009161360561847687,
    0.009445109404623508,
    0.007761595770716667,
    0.49879541993141174,
    0.002556127728894353
  ],
  "feature_names": [
    "ret1",
    "oc_diff",
    "hl_range",
    "logv_chg",
    "dist_px_cloud_top",
    "dist_px_cloud_bot",
    "dist_tk_kj",
    "span_order",
    "tk_slope",
    "kj_slope",
    "span_a_slope",
    "span_b_slope",
    "chikou_above",
    "vol20"
  ]
}