{
  "kind": "standard",
  "mean": [
    5.394575418904424e-05,
    5.394575418904424e-05,
    0.008900429122149944,
    -3.1210815905069467e-06,
    -0.004099799320101738,
    0.007241792976856232,
    0.0006108537781983614,
    0.5281421542167664,
    8.44080132083036e-05,
    9.838282130658627e-05,
    9.139512258116156e-05,
    0.00011073037603637204,
    0.5161470770835876,
    0.005673753097653389
  ],
  "std": [
    0.006574694532901049,
    0.006574694532901049,
    0.007773702032864094,
    0.6919384002685547,
    0.01674443483352661,
    0.0174774918705225,
    0.012271539308130741,
    0.49920526146888733,
    0.01539607997983694,
    0.012065297923982143,
    0.012472568079829216,
    0.01060312520712614,
    0.49974021315574646,
    0.0033080936409533024
  ],
  "feature_names": [
    "ret1",
    "oc_diff",
    "hl_range",
    "logv_chg",
    "dist_px_cloud_top",
    "dist_px_cloud_bot",
    "dist_tk_kj",
    "span_order",
    "tk_slope",
    "kj_slope",
    "span_a_slope",
    "span_b_slope",
    "chikou_above",
    "vol20"
  ]
}