{
  "kind": "standard",
  "mean": [
    7.760326843708754e-05,
    7.760326843708754e-05,
    0.008218974806368351,
    4.772814645548351e-05,
    -0.003292257199063897,
    0.007268394809216261,
    0.0008149539935402572,
    0.5357290506362915,
    0.0003344544966239482,
    0.00034028306254185736,
    0.00033736860495992005,
    0.0003442675224505365,
    0.5216225981712341,
    0.005260493606328964
  ],
  "std": [
    0.006028914824128151,
    0.006028914824128151,
    0.007107702549546957,
    0.7045670747756958,
    0.014948192052543163,
    0.01611083187162876,
    0.011081667616963387,
    0.49872589111328125,
    0.013662159442901611,
    0.010948495008051395,
    0.011191981844604015,
    0.009518050588667393,
    0.49953344464302063,
    0.002954132156446576
  ],
  "feature_names": [
    "ret1",
    "oc_diff",
    "hl_range",
    "logv_chg",
    "dist_px_cloud_top",
    "dist_px_cloud_bot",
    "dist_tk_kj",
    "span_order",
    "tk_slope",
    "kj_slope",
    "span_a_slope",
    "span_b_slope",
    "chikou_above",
    "vol20"
  ]
}