{
  "kind": "standard",
  "mean": [
    0.0006829503108747303,
    0.0006829503108747303,
    0.02954697608947754,
    -0.000575027777813375,
    -0.011054975911974907,
    0.025345830246806145,
    0.003371541853994131,
    0.5429747700691223,
    0.002682373160496354,
    0.0026720676105469465,
    0.0026772189885377884,
    0.0027787405997514725,
    0.5304418206214905,
    0.01774912327528
  ],
  "std": [
    0.019398843869566917,
    0.019398843869566917,
    0.020850710570812225,
    0.588219165802002,
    0.04726192727684975,
    0.04958947375416756,
    0.03319210186600685,
    0.4981423318386078,
    0.04266589134931564,
    0.0327707976102829,
    0.03461042419075966,
    0.028243735432624817,
    0.4990725815296173,
    0.008085150271654129
  ],
  "feature_names": [
    "ret1",
    "oc_diff",
    "hl_range",
    "logv_chg",
    "dist_px_cloud_top",
    "dist_px_cloud_bot",
    "dist_tk_kj",
    "span_order",
    "tk_slope",
    "kj_slope",
    "span_a_slope",
    "span_b_slope",
    "chikou_above",
    "vol20"
  ]
}