{
  "kind": "standard",
  "mean": [
    0.00041218780097551644,
    0.00041218780097551644,
    0.01478838175535202,
    -0.00028957054018974304,
    -0.0039634485729038715,
    0.01636258326470852,
    0.0029756571166217327,
    0.5633684992790222,
    0.002483765594661236,
    0.0024626769591122866,
    0.002473221393302083,
    0.0024802079424262047,
    0.5374179482460022,
    0.009230980649590492
  ],
  "std": [
    0.010149700567126274,
    0.010149700567126274,
    0.011557621881365776,
    0.7225647568702698,
    0.02529812604188919,
    0.0304874274879694,
    0.018177708610892296,
    0.4959684908390045,
    0.02286769263446331,
    0.018033107742667198,
    0.018963424488902092,
    0.01514598447829485,
    0.49859854578971863,
    0.004191821441054344
  ],
  "feature_names": [
    "ret1",
    "oc_diff",
    "hl_range",
    "logv_chg",
    "dist_px_cloud_top",
    "dist_px_cloud_bot",
    "dist_tk_kj",
    "span_order",
    "tk_slope",
    "kj_slope",
    "span_a_slope",
    "span_b_slope",
    "chikou_above",
    "vol20"
  ]
}