{
  "kind": "standard",
  "mean": [
    9.945946658262983e-05,
    9.945946658262983e-05,
    0.007114735897630453,
    -3.815439049503766e-05,
    -0.0027836512308567762,
    0.006395785138010979,
    0.000759006361477077,
    0.5403759479522705,
    0.0005821117665618658,
    0.0005867304280400276,
    0.000584419525694102,
    0.0005937747773714364,
    0.5297355651855469,
    0.004554607905447483
  ],
  "std": [
    0.0052266353741288185,
    0.0052266353741288185,
    0.006125735584646463,
    0.6732724905014038,
    0.012817633338272572,
    0.014113577082753181,
    0.009379030205309391,
    0.49836763739585876,
    0.011634142138063908,
    0.009139517322182655,
    0.009466970339417458,
    0.007905830629169941,
    0.49911239743232727,
    0.0025676300283521414
  ],
  "feature_names": [
    "ret1",
    "oc_diff",
    "hl_range",
    "logv_chg",
    "dist_px_cloud_top",
    "dist_px_cloud_bot",
    "dist_tk_kj",
    "span_order",
    "tk_slope",
    "kj_slope",
    "span_a_slope",
    "span_b_slope",
    "chikou_above",
    "vol20"
  ]
}