{
  "kind": "standard",
  "mean": [
    0.00011376864858902991,
    0.00011376864858902991,
    0.007068810984492302,
    -6.422575825126842e-05,
    9.618567128200084e-05,
    0.011221213266253471,
    0.00943230651319027,
    0.519121527671814,
    0.0007008318789303303,
    0.000682300073094666,
    0.0006915642297826707,
    0.0006901398301124573,
    0.5424227714538574,
    0.004503840580582619
  ],
  "std": [
    0.005160048604011536,
    0.005160048604011536,
    0.006141606718301773,
    0.6862449049949646,
    0.022760288789868355,
    0.024015536531805992,
    0.03692023456096649,
    0.4996333718299866,
    0.012398802675306797,
    0.00591858709231019,
    0.008065654896199703,
    0.006797954440116882,
    0.4982006251811981,
    0.002523408504202962
  ],
  "feature_names": [
    "ret1",
    "oc_diff",
    "hl_range",
    "logv_chg",
    "dist_px_cloud_top",
    "dist_px_cloud_bot",
    "dist_tk_kj",
    "span_order",
    "tk_slope",
    "kj_slope",
    "span_a_slope",
    "span_b_slope",
    "chikou_above",
    "vol20"
  ]
}