{
  "kind": "standard",
  "mean": [
    0.00011324279330438003,
    0.00011324279330438003,
    0.0070405020378530025,
    7.93900471762754e-05,
    -0.0026333709247410297,
    0.006446873769164085,
    0.0007774897385388613,
    0.5380163192749023,
    0.0006915880367159843,
    0.000690997636411339,
    0.0006912907701916993,
    0.0006892196252010763,
    0.5434610247612,
    0.004485652316361666
  ],
  "std": [
    0.00514933792874217,
    0.00514933792874217,
    0.006145103834569454,
    0.6874144673347473,
    0.012494540773332119,
    0.014001965522766113,
    0.009195605292916298,
    0.49855363368988037,
    0.011574536561965942,
    0.009282342158257961,
    0.009555215947329998,
    0.007979332469403744,
    0.4981083571910858,
    0.0025320446584373713
  ],
  "feature_names": [
    "ret1",
    "oc_diff",
    "hl_range",
    "logv_chg",
    "dist_px_cloud_top",
    "dist_px_cloud_bot",
    "dist_tk_kj",
    "span_order",
    "tk_slope",
    "kj_slope",
    "span_a_slope",
    "span_b_slope",
    "chikou_above",
    "vol20"
  ]
}