{
  "kind": "standard",
  "mean": [
    2.5444509446970187e-05,
    2.5444509446970187e-05,
    0.006159343756735325,
    2.4265646061394364e-06,
    -0.003068638499826193,
    0.005121326074004173,
    0.00043532674317248166,
    0.5150896906852722,
    2.9994842407177202e-05,
    3.0500743378070183e-05,
    3.024769830517471e-05,
    3.530538742779754e-05,
    0.5046707987785339,
    0.00393149396404624
  ],
  "std": [
    0.00463968887925148,
    0.00463968887925148,
    0.0056011569686234,
    0.7156632542610168,
    0.01200084574520588,
    0.012788252905011177,
    0.008724168874323368,
    0.49977830052375793,
    0.010849871672689915,
    0.008781551383435726,
    0.009003356099128723,
    0.007576409261673689,
    0.49997827410697937,
    0.0024613970890641212
  ],
  "feature_names": [
    "ret1",
    "oc_diff",
    "hl_range",
    "logv_chg",
    "dist_px_cloud_top",
    "dist_px_cloud_bot",
    "dist_tk_kj",
    "span_order",
    "tk_slope",
    "kj_slope",
    "span_a_slope",
    "span_b_slope",
    "chikou_above",
    "vol20"
  ]
}