{
  "kind": "standard",
  "mean": [
    3.463387838564813e-05,
    3.463387838564813e-05,
    0.00567112909629941,
    -2.992144254676532e-05,
    -0.0020174547098577023,
    0.0070137763395905495,
    0.0035247630439698696,
    0.5128685832023621,
    0.00013179026427678764,
    0.00012243105447851121,
    0.00012711108138319105,
    0.00012100300955353305,
    0.5085124373435974,
    0.003645096207037568
  ],
  "std": [
    0.0042578657157719135,
    0.0042578657157719135,
    0.005052667111158371,
    0.7255293130874634,
    0.018146095797419548,
    0.01893492601811886,
    0.028919493779540062,
    0.4998449981212616,
    0.01041447278112173,
    0.005171316675841808,
    0.006918751634657383,
    0.0058273691684007645,
    0.49993282556533813,
    0.0022121542133390903
  ],
  "feature_names": [
    "ret1",
    "oc_diff",
    "hl_range",
    "logv_chg",
    "dist_px_cloud_top",
    "dist_px_cloud_bot",
    "dist_tk_kj",
    "span_order",
    "tk_slope",
    "kj_slope",
    "span_a_slope",
    "span_b_slope",
    "chikou_above",
    "vol20"
  ]
}