{
  "kind": "standard",
  "mean": [
    3.432668017921969e-05,
    3.432668017921969e-05,
    0.005691052880138159,
    2.4560347810620442e-05,
    -0.0025694763753563166,
    0.004953019320964813,
    0.0005089101032353938,
    0.515108048915863,
    0.0001296293194172904,
    0.00013121493975631893,
    0.00013042250066064298,
    0.00013836869038641453,
    0.5078560709953308,
    0.003658907487988472
  ],
  "std": [
    0.004282106179744005,
    0.004282106179744005,
    0.005128001794219017,
    0.7264134883880615,
    0.010626043193042278,
    0.011741448193788528,
    0.0078855250030756,
    0.4997744858264923,
    0.009832685813307762,
    0.007875286042690277,
    0.008118023164570332,
    0.006930443458259106,
    0.4999472200870514,
    0.0022311171051114798
  ],
  "feature_names": [
    "ret1",
    "oc_diff",
    "hl_range",
    "logv_chg",
    "dist_px_cloud_top",
    "dist_px_cloud_bot",
    "dist_tk_kj",
    "span_order",
    "tk_slope",
    "kj_slope",
    "span_a_slope",
    "span_b_slope",
    "chikou_above",
    "vol20"
  ]
}