{
  "kind": "standard",
  "mean": [
    5.420884190243669e-05,
    5.420884190243669e-05,
    0.004896509926766157,
    4.313305180403404e-05,
    -0.00212460826151073,
    0.004216090310364962,
    0.0004256520187482238,
    0.5272542834281921,
    0.0003303685807622969,
    0.0003310080210212618,
    0.00033068752964027226,
    0.000334091077093035,
    0.5195422172546387,
    0.003136624814942479
  ],
  "std": [
    0.003701847977936268,
    0.003701847977936268,
    0.004440316930413246,
    0.6913051009178162,
    0.00895506888628006,
    0.01005115732550621,
    0.0066199954599142075,
    0.4992552399635315,
    0.008368292823433876,
    0.006660191807895899,
    0.0068829916417598724,
    0.0058066886849701405,
    0.4996488094329834,
    0.001976091880351305
  ],
  "feature_names": [
    "ret1",
    "oc_diff",
    "hl_range",
    "logv_chg",
    "dist_px_cloud_top",
    "dist_px_cloud_bot",
    "dist_tk_kj",
    "span_order",
    "tk_slope",
    "kj_slope",
    "span_a_slope",
    "span_b_slope",
    "chikou_above",
    "vol20"
  ]
}