{
  "kind": "standard",
  "mean": [
    0.0002582469314802438,
    0.0002582469314802438,
    0.01724647544324398,
    -0.00014051036851014942,
    -0.006539853755384684,
    0.015687445178627968,
    0.0019534227903932333,
    0.5407994985580444,
    0.0009786859154701233,
    0.0009506021160632372,
    0.000964644190389663,
    0.0010366644710302353,
    0.5304498672485352,
    0.010683096945285797
  ],
  "std": [
    0.01185699738562107,
    0.01185699738562107,
    0.01334558054804802,
    0.7006683945655823,
    0.029737427830696106,
    0.03229451924562454,
    0.021179737523198128,
    0.4983328878879547,
    0.026948805898427963,
    0.02124023251235485,
    0.02227814495563507,
    0.01741386204957962,
    0.49907174706459045,
    0.00516849011182785
  ],
  "feature_names": [
    "ret1",
    "oc_diff",
    "hl_range",
    "logv_chg",
    "dist_px_cloud_top",
    "dist_px_cloud_bot",
    "dist_tk_kj",
    "span_order",
    "tk_slope",
    "kj_slope",
    "span_a_slope",
    "span_b_slope",
    "chikou_above",
    "vol20"
  ]
}