{
  "kind": "standard",
  "mean": [
    0.0005578939453698695,
    0.0005578939453698695,
    0.022828491404652596,
    9.505274647381157e-05,
    -0.007959471084177494,
    0.018202893435955048,
    0.0015401184791699052,
    0.5210893154144287,
    0.0020605421159416437,
    0.0019574295729398727,
    0.002008983399719,
    0.001955305691808462,
    0.5033010840415955,
    0.01393572986125946
  ],
  "std": [
    0.01758859120309353,
    0.01758859120309353,
    0.022804830223321915,
    0.6622052192687988,
    0.0364900641143322,
    0.04156149551272392,
    0.026766205206513405,
    0.4995559751987457,
    0.0395963191986084,
    0.03277767077088356,
    0.03390027955174446,
    0.028887061402201653,
    0.49998944997787476,
    0.010683066211640835
  ],
  "feature_names": [
    "ret1",
    "oc_diff",
    "hl_range",
    "logv_chg",
    "dist_px_cloud_top",
    "dist_px_cloud_bot",
    "dist_tk_kj",
    "span_order",
    "tk_slope",
    "kj_slope",
    "span_a_slope",
    "span_b_slope",
    "chikou_above",
    "vol20"
  ]
}