{
  "version": 1,
  "normalization": "standardize",
  "feature_cols": [
    "ret1",
    "oc_diff",
    "hl_range",
    "logv_chg",
    "dist_px_cloud_top",
    "dist_px_cloud_bot",
    "dist_tk_kj",
    "span_order",
    "tk_slope",
    "kj_slope",
    "span_a_slope",
    "span_b_slope",
    "chikou_above",
    "vol20"
  ],
  "lookback": 64,
  "horizon": 4,
  "mean": [
    6.600267079193145e-05,
    6.600267079193145e-05,
    0.007918779738247395,
    -2.9183176593505777e-05,
    -0.0032661929726600647,
    0.006892224308103323,
    0.0007517661433666945,
    0.5348449945449829,
    0.0002541916910558939,
    0.0002595502301119268,
    0.0002568704658187926,
    0.0002617032150737941,
    0.5208459496498108,
    0.005081574898213148
  ],
  "std": [
    0.005860236939042807,
    0.005860236939042807,
    0.007052015978842974,
    0.7143195867538452,
    0.014462348073720932,
    0.015472321771085262,
    0.010818318463861942,
    0.49878138303756714,
    0.013460374437272549,
    0.010779659263789654,
    0.0110262306407094,
    0.00937651377171278,
    0.4995538294315338,
    0.0029202797450125217
  ]
}