{
  "total_trades": 564,
  "long_trades": 276,
  "short_trades": 288,
  "long_wins": 180,
  "short_wins": 171,
  "losses": 213,
  "gross_profit": 117152.83410223387,
  "gross_loss": -33538.5187077795,
  "net_profit": 31309380.959256496,
  "pct_net_profit": 3130.9380959256496,
  "profit_factor": 3.4930831359304917,
  "win_rate_pct": 62.23404255319149,
  "max_drawdown_pct": -0.09314862551529801,
  "buy_hold_pct": 0.157753994681743,
  "initial_capital": 10000.0
}