{
  "kind": "standard",
  "mean": [
    3.3926651667570695e-05,
    3.3926651667570695e-05,
    0.005566403269767761,
    8.563224400859326e-05,
    -0.00271462625823915,
    0.004817354492843151,
    0.00045140893780626357,
    0.5119680166244507,
    0.00012754302588291466,
    0.00012905336916446686,
    0.0001282979646930471,
    0.00013663120626006275,
    0.5044779777526855,
    0.003604328026995063
  ],
  "std": [
    0.004231898579746485,
    0.004231898579746485,
    0.004877935629338026,
    0.5234571099281311,
    0.010751859284937382,
    0.011759471148252487,
    0.007904445752501488,
    0.49986714124679565,
    0.009681369177997112,
    0.0077298786491155624,
    0.00796101987361908,
    0.006753748748451471,
    0.499971866607666,
    0.0022180210798978806
  ],
  "feature_names": [
    "ret1",
    "oc_diff",
    "hl_range",
    "logv_chg",
    "dist_px_cloud_top",
    "dist_px_cloud_bot",
    "dist_tk_kj",
    "span_order",
    "tk_slope",
    "kj_slope",
    "span_a_slope",
    "span_b_slope",
    "chikou_above",
    "vol20"
  ]
}